risk_decile,encounters,readmissions,readmit_rate,mean_predicted,share_of_all_readmits,cumulative_capture
1,1978,565,0.2856420626895854,0.28401635451091156,0.2517825311942959,0.2517825311942959
2,1977,344,0.17400101163378856,0.17810923777957252,0.1532976827094474,0.40508021390374327
3,1977,279,0.1411229135053111,0.1407082340368399,0.12433155080213903,0.5294117647058822
4,1978,204,0.10313447927199192,0.11754094253423762,0.09090909090909091,0.6203208556149732
5,1977,209,0.10571573090541224,0.10092123427454838,0.09313725490196079,0.713458110516934
6,1977,189,0.09559939301972686,0.08762383143104496,0.08422459893048129,0.7976827094474153
7,1978,145,0.07330637007077856,0.07596237657023168,0.06461675579322639,0.8622994652406416
8,1977,150,0.07587253414264036,0.06502040687630968,0.06684491978609626,0.9291443850267379
9,1977,89,0.04501770359129995,0.054421709908383485,0.039661319073083776,0.9688057040998217
10,1977,70,0.035407182599898834,0.0394001123827052,0.031194295900178252,1.0
