share_called_pct,called,readmits_reached,total_encounters,total_readmits,base_rate,recall,precision
0.0,0,0,19773,2244,0.11348808981945077,0.0,
0.5,99,59,19773,2244,0.11348808981945077,0.026292335115864526,0.5959595959595959
1.0,198,106,19773,2244,0.11348808981945077,0.04723707664884135,0.5353535353535354
1.5,297,135,19773,2244,0.11348808981945077,0.06016042780748663,0.45454545454545453
2.0,395,165,19773,2244,0.11348808981945077,0.07352941176470588,0.4177215189873418
2.5,494,202,19773,2244,0.11348808981945077,0.09001782531194295,0.4089068825910931
3.0,593,228,19773,2244,0.11348808981945077,0.10160427807486631,0.3844856661045531
3.5,692,252,19773,2244,0.11348808981945077,0.11229946524064172,0.36416184971098264
4.0,791,281,19773,2244,0.11348808981945077,0.12522281639928698,0.3552465233881163
4.5,890,305,19773,2244,0.11348808981945077,0.1359180035650624,0.34269662921348315
5.0,989,333,19773,2244,0.11348808981945077,0.1483957219251337,0.3367037411526795
5.5,1088,362,19773,2244,0.11348808981945077,0.16131907308377896,0.3327205882352941
6.0,1186,389,19773,2244,0.11348808981945077,0.17335115864527628,0.3279932546374368
6.5,1285,415,19773,2244,0.11348808981945077,0.18493761140819964,0.3229571984435798
7.0,1384,440,19773,2244,0.11348808981945077,0.19607843137254902,0.3179190751445087
7.5,1483,460,19773,2244,0.11348808981945077,0.20499108734402852,0.31018206338503035
8.0,1582,479,19773,2244,0.11348808981945077,0.21345811051693406,0.3027812895069532
8.5,1681,503,19773,2244,0.11348808981945077,0.22415329768270945,0.2992266508030934
9.0,1780,522,19773,2244,0.11348808981945077,0.232620320855615,0.2932584269662921
9.5,1878,542,19773,2244,0.11348808981945077,0.2415329768270945,0.288604898828541
10.0,1977,565,19773,2244,0.11348808981945077,0.2517825311942959,0.28578654527061204
10.5,2076,587,19773,2244,0.11348808981945077,0.26158645276292336,0.28275529865125243
11.0,2175,606,19773,2244,0.11348808981945077,0.2700534759358289,0.2786206896551724
11.5,2274,623,19773,2244,0.11348808981945077,0.27762923351158647,0.27396657871591906
12.0,2373,642,19773,2244,0.11348808981945077,0.28609625668449196,0.27054361567635904
12.5,2472,657,19773,2244,0.11348808981945077,0.2927807486631016,0.2657766990291262
13.0,2570,668,19773,2244,0.11348808981945077,0.2976827094474153,0.25992217898832687
13.5,2669,683,19773,2244,0.11348808981945077,0.30436720142602497,0.2559010865492694
14.0,2768,702,19773,2244,0.11348808981945077,0.31283422459893045,0.2536127167630058
14.5,2867,722,19773,2244,0.11348808981945077,0.32174688057041,0.2518311824206488
15.0,2966,732,19773,2244,0.11348808981945077,0.32620320855614976,0.24679703304113285
15.5,3065,751,19773,2244,0.11348808981945077,0.33467023172905525,0.24502446982055465
16.0,3164,768,19773,2244,0.11348808981945077,0.3422459893048128,0.2427307206068268
16.5,3263,789,19773,2244,0.11348808981945077,0.3516042780748663,0.2418020226785167
17.0,3361,801,19773,2244,0.11348808981945077,0.356951871657754,0.23832192799761975
17.5,3460,817,19773,2244,0.11348808981945077,0.3640819964349376,0.2361271676300578
18.0,3559,842,19773,2244,0.11348808981945077,0.375222816399287,0.23658330991851645
18.5,3658,857,19773,2244,0.11348808981945077,0.3819073083778966,0.23428102788408967
19.0,3757,876,19773,2244,0.11348808981945077,0.39037433155080214,0.2331647591163162
19.5,3856,895,19773,2244,0.11348808981945077,0.3988413547237077,0.2321058091286307
20.0,3955,909,19773,2244,0.11348808981945077,0.4050802139037433,0.22983565107458911
20.5,4053,920,19773,2244,0.11348808981945077,0.40998217468805703,0.22699235134468296
21.0,4152,933,19773,2244,0.11348808981945077,0.4157754010695187,0.22471098265895953
21.5,4251,954,19773,2244,0.11348808981945077,0.42513368983957217,0.2244177840508116
22.0,4350,975,19773,2244,0.11348808981945077,0.4344919786096257,0.22413793103448276
22.5,4449,987,19773,2244,0.11348808981945077,0.43983957219251335,0.22184760620364127
23.0,4548,1006,19773,2244,0.11348808981945077,0.4483065953654189,0.22119613016710643
23.5,4647,1017,19773,2244,0.11348808981945077,0.4532085561497326,0.21885087153001936
24.0,4746,1031,19773,2244,0.11348808981945077,0.4594474153297683,0.21723556679308892
24.5,4844,1046,19773,2244,0.11348808981945077,0.4661319073083779,0.21593724194880265
25.0,4943,1060,19773,2244,0.11348808981945077,0.47237076648841353,0.21444466922921304
25.5,5042,1075,19773,2244,0.11348808981945077,0.4790552584670232,0.21320904403014676
26.0,5141,1086,19773,2244,0.11348808981945077,0.4839572192513369,0.2112429488426376
26.5,5240,1100,19773,2244,0.11348808981945077,0.49019607843137253,0.2099236641221374
27.0,5339,1113,19773,2244,0.11348808981945077,0.4959893048128342,0.2084660048698258
27.5,5438,1123,19773,2244,0.11348808981945077,0.500445632798574,0.20650974623023172
28.0,5536,1137,19773,2244,0.11348808981945077,0.5066844919786097,0.20538294797687862
28.5,5635,1148,19773,2244,0.11348808981945077,0.5115864527629234,0.20372670807453416
29.0,5734,1160,19773,2244,0.11348808981945077,0.5169340463458111,0.20230205790024416
29.5,5833,1174,19773,2244,0.11348808981945077,0.5231729055258467,0.20126864392250987
30.0,5932,1188,19773,2244,0.11348808981945077,0.5294117647058824,0.2002697235333783
30.5,6031,1202,19773,2244,0.11348808981945077,0.535650623885918,0.19930359807660422
31.0,6130,1212,19773,2244,0.11348808981945077,0.5401069518716578,0.19771615008156607
31.5,6228,1229,19773,2244,0.11348808981945077,0.5476827094474154,0.19733461785484907
32.0,6327,1238,19773,2244,0.11348808981945077,0.551693404634581,0.1956693535640904
32.5,6426,1244,19773,2244,0.11348808981945077,0.5543672014260249,0.193588546529723
33.0,6525,1252,19773,2244,0.11348808981945077,0.5579322638146168,0.19187739463601533
33.5,6624,1267,19773,2244,0.11348808981945077,0.5646167557932263,0.19127415458937197
34.0,6723,1277,19773,2244,0.11348808981945077,0.5690730837789661,0.18994496504536665
34.5,6822,1286,19773,2244,0.11348808981945077,0.5730837789661319,0.18850776898270302
35.0,6921,1300,19773,2244,0.11348808981945077,0.5793226381461676,0.18783412801618263
35.5,7019,1310,19773,2244,0.11348808981945077,0.5837789661319073,0.18663627297335803
36.0,7118,1320,19773,2244,0.11348808981945077,0.5882352941176471,0.18544534981736444
36.5,7217,1327,19773,2244,0.11348808981945077,0.5913547237076648,0.18387141471525564
37.0,7316,1328,19773,2244,0.11348808981945077,0.5918003565062389,0.1815199562602515
37.5,7415,1337,19773,2244,0.11348808981945077,0.5958110516934046,0.18031018206338503
38.0,7514,1347,19773,2244,0.11348808981945077,0.6002673796791443,0.1792653713068938
38.5,7613,1360,19773,2244,0.11348808981945077,0.6060606060606061,0.17864179692631027
39.0,7711,1370,19773,2244,0.11348808981945077,0.6105169340463458,0.17766826611334458
39.5,7810,1382,19773,2244,0.11348808981945077,0.6158645276292335,0.17695262483994878
40.0,7909,1392,19773,2244,0.11348808981945077,0.6203208556149733,0.17600202301175877
40.5,8008,1407,19773,2244,0.11348808981945077,0.6270053475935828,0.1756993006993007
41.0,8107,1415,19773,2244,0.11348808981945077,0.6305704099821747,0.17454052053780683
41.5,8206,1430,19773,2244,0.11348808981945077,0.6372549019607843,0.1742627345844504
42.0,8305,1440,19773,2244,0.11348808981945077,0.6417112299465241,0.17338952438290187
42.5,8404,1451,19773,2244,0.11348808981945077,0.6466131907308378,0.17265587815326036
43.0,8502,1458,19773,2244,0.11348808981945077,0.6497326203208557,0.1714890613973183
43.5,8601,1468,19773,2244,0.11348808981945077,0.6541889483065954,0.17067782815951635
44.0,8700,1478,19773,2244,0.11348808981945077,0.6586452762923352,0.16988505747126437
44.5,8799,1487,19773,2244,0.11348808981945077,0.6626559714795008,0.16899647687237185
45.0,8898,1495,19773,2244,0.11348808981945077,0.6662210338680927,0.1680152843335581
45.5,8997,1503,19773,2244,0.11348808981945077,0.6697860962566845,0.16705568522840947
46.0,9096,1512,19773,2244,0.11348808981945077,0.6737967914438503,0.1662269129287599
46.5,9194,1521,19773,2244,0.11348808981945077,0.6778074866310161,0.16543397868174897
47.0,9293,1533,19773,2244,0.11348808981945077,0.6831550802139037,0.16496287528247067
47.5,9392,1543,19773,2244,0.11348808981945077,0.6876114081996435,0.16428875638841567
48.0,9491,1555,19773,2244,0.11348808981945077,0.6929590017825312,0.16383942682541355
48.5,9590,1569,19773,2244,0.11348808981945077,0.6991978609625669,0.16360792492179355
49.0,9689,1581,19773,2244,0.11348808981945077,0.7045454545454546,0.16317473423469914
49.5,9788,1590,19773,2244,0.11348808981945077,0.7085561497326203,0.16244380874540254
50.0,9886,1601,19773,2244,0.11348808981945077,0.7134581105169341,0.16194618652640097
50.5,9985,1609,19773,2244,0.11348808981945077,0.7170231729055259,0.1611417125688533
51.0,10084,1622,19773,2244,0.11348808981945077,0.7228163992869875,0.16084886949623164
51.5,10183,1637,19773,2244,0.11348808981945077,0.7295008912655971,0.1607581262889129
52.0,10282,1651,19773,2244,0.11348808981945077,0.7357397504456328,0.16057187317642482
52.5,10381,1660,19773,2244,0.11348808981945077,0.7397504456327986,0.1599075233599846
53.0,10480,1663,19773,2244,0.11348808981945077,0.7410873440285205,0.15868320610687023
53.5,10579,1669,19773,2244,0.11348808981945077,0.7437611408199644,0.15776538425181963
54.0,10677,1677,19773,2244,0.11348808981945077,0.7473262032085561,0.1570665917392526
54.5,10776,1686,19773,2244,0.11348808981945077,0.7513368983957219,0.1564587973273942
55.0,10875,1696,19773,2244,0.11348808981945077,0.7557932263814616,0.15595402298850575
55.5,10974,1706,19773,2244,0.11348808981945077,0.7602495543672014,0.15545835611445233
56.0,11073,1715,19773,2244,0.11348808981945077,0.7642602495543672,0.1548812426623318
56.5,11172,1722,19773,2244,0.11348808981945077,0.767379679144385,0.15413533834586465
57.0,11271,1732,19773,2244,0.11348808981945077,0.7718360071301248,0.1536687073019253
57.5,11369,1736,19773,2244,0.11348808981945077,0.7736185383244206,0.1526959275222095
58.0,11468,1748,19773,2244,0.11348808981945077,0.7789661319073083,0.15242413672828742
58.5,11567,1757,19773,2244,0.11348808981945077,0.7829768270944741,0.15189763983746865
59.0,11666,1767,19773,2244,0.11348808981945077,0.7874331550802139,0.15146579804560262
59.5,11765,1781,19773,2244,0.11348808981945077,0.7936720142602496,0.15138121546961325
60.0,11864,1790,19773,2244,0.11348808981945077,0.7976827094474154,0.15087660148347942
60.5,11963,1800,19773,2244,0.11348808981945077,0.8021390374331551,0.1504639304522277
61.0,12062,1809,19773,2244,0.11348808981945077,0.8061497326203209,0.14997512850273587
61.5,12160,1822,19773,2244,0.11348808981945077,0.8119429590017825,0.14983552631578947
62.0,12259,1828,19773,2244,0.11348808981945077,0.8146167557932263,0.14911493596541317
62.5,12358,1837,19773,2244,0.11348808981945077,0.8186274509803921,0.14864864864864866
63.0,12457,1846,19773,2244,0.11348808981945077,0.8226381461675579,0.14818977281849563
63.5,12556,1854,19773,2244,0.11348808981945077,0.8262032085561497,0.14765848996495698
64.0,12655,1860,19773,2244,0.11348808981945077,0.8288770053475936,0.14697747925721058
64.5,12754,1865,19773,2244,0.11348808981945077,0.8311051693404634,0.1462286341539909
65.0,12852,1875,19773,2244,0.11348808981945077,0.8355614973262032,0.14589169000933708
65.5,12951,1881,19773,2244,0.11348808981945077,0.8382352941176471,0.14523974982626825
66.0,13050,1890,19773,2244,0.11348808981945077,0.8422459893048129,0.14482758620689656
66.5,13149,1898,19773,2244,0.11348808981945077,0.8458110516934046,0.14434557761046468
67.0,13248,1904,19773,2244,0.11348808981945077,0.8484848484848485,0.14371980676328502
67.5,13347,1909,19773,2244,0.11348808981945077,0.8507130124777184,0.14302839589420843
68.0,13446,1910,19773,2244,0.11348808981945077,0.8511586452762924,0.14204968020229064
68.5,13545,1915,19773,2244,0.11348808981945077,0.8533868092691622,0.14138058324104835
69.0,13643,1925,19773,2244,0.11348808981945077,0.8578431372549019,0.14109799897383274
69.5,13742,1930,19773,2244,0.11348808981945077,0.8600713012477719,0.1404453500218309
70.0,13841,1934,19773,2244,0.11348808981945077,0.8618538324420677,0.1397297883100932
70.5,13940,1942,19773,2244,0.11348808981945077,0.8654188948306596,0.1393113342898135
71.0,14039,1954,19773,2244,0.11348808981945077,0.8707664884135472,0.13918370254291615
71.5,14138,1964,19773,2244,0.11348808981945077,0.875222816399287,0.13891639552977791
72.0,14237,1974,19773,2244,0.11348808981945077,0.8796791443850267,0.13865280606869423
72.5,14335,1985,19773,2244,0.11348808981945077,0.8845811051693404,0.1384722706662016
73.0,14434,1993,19773,2244,0.11348808981945077,0.8881461675579323,0.13807676319800471
73.5,14533,2001,19773,2244,0.11348808981945077,0.8917112299465241,0.1376866441890869
74.0,14632,2008,19773,2244,0.11348808981945077,0.8948306595365418,0.13723346090759977
74.5,14731,2014,19773,2244,0.11348808981945077,0.8975044563279857,0.13671848482791393
75.0,14830,2019,19773,2244,0.11348808981945077,0.8997326203208557,0.13614295347269048
75.5,14929,2026,19773,2244,0.11348808981945077,0.9028520499108734,0.13570902270748209
76.0,15027,2035,19773,2244,0.11348808981945077,0.9068627450980392,0.1354229054368803
76.5,15126,2044,19773,2244,0.11348808981945077,0.910873440285205,0.13513156154964961
77.0,15225,2046,19773,2244,0.11348808981945077,0.9117647058823529,0.13438423645320197
77.5,15324,2057,19773,2244,0.11348808981945077,0.9166666666666666,0.13423388149308274
78.0,15423,2062,19773,2244,0.11348808981945077,0.9188948306595366,0.13369642741360305
78.5,15522,2068,19773,2244,0.11348808981945077,0.9215686274509803,0.13323025383326892
79.0,15621,2075,19773,2244,0.11348808981945077,0.9246880570409982,0.13283400550540939
79.5,15720,2078,19773,2244,0.11348808981945077,0.9260249554367201,0.1321882951653944
80.0,15818,2085,19773,2244,0.11348808981945077,0.929144385026738,0.1318118599064357
80.5,15917,2089,19773,2244,0.11348808981945077,0.9309269162210339,0.13124332474712572
81.0,16016,2092,19773,2244,0.11348808981945077,0.9322638146167558,0.1306193806193806
81.5,16115,2096,19773,2244,0.11348808981945077,0.9340463458110517,0.1300651566863171
82.0,16214,2102,19773,2244,0.11348808981945077,0.9367201426024956,0.12964105094362896
82.5,16313,2109,19773,2244,0.11348808981945077,0.9398395721925134,0.12928339361245633
83.0,16412,2115,19773,2244,0.11348808981945077,0.9425133689839572,0.12886912015598342
83.5,16510,2122,19773,2244,0.11348808981945077,0.9456327985739751,0.12852816474863718
84.0,16609,2129,19773,2244,0.11348808981945077,0.9487522281639929,0.12818351496176772
84.5,16708,2135,19773,2244,0.11348808981945077,0.9514260249554367,0.12778309791716544
85.0,16807,2139,19773,2244,0.11348808981945077,0.9532085561497327,0.12726840007139884
85.5,16906,2141,19773,2244,0.11348808981945077,0.9540998217468806,0.1266414290784337
86.0,17005,2145,19773,2244,0.11348808981945077,0.9558823529411765,0.12613937077330198
86.5,17104,2149,19773,2244,0.11348808981945077,0.9576648841354723,0.12564312441534145
87.0,17203,2153,19773,2244,0.11348808981945077,0.9594474153297683,0.1251525896645934
87.5,17301,2155,19773,2244,0.11348808981945077,0.9603386809269162,0.12455927403040287
88.0,17400,2159,19773,2244,0.11348808981945077,0.9621212121212122,0.12408045977011495
88.5,17499,2163,19773,2244,0.11348808981945077,0.963903743315508,0.12360706326075775
89.0,17598,2167,19773,2244,0.11348808981945077,0.9656862745098039,0.12313899306739402
89.5,17697,2170,19773,2244,0.11348808981945077,0.9670231729055259,0.1226196530485393
90.0,17796,2174,19773,2244,0.11348808981945077,0.9688057040998217,0.12216228365924926
90.5,17895,2178,19773,2244,0.11348808981945077,0.9705882352941176,0.12170997485331098
91.0,17993,2181,19773,2244,0.11348808981945077,0.9719251336898396,0.12121380536875452
91.5,18092,2182,19773,2244,0.11348808981945077,0.9723707664884136,0.12060579261552067
92.0,18191,2185,19773,2244,0.11348808981945077,0.9737076648841355,0.12011434225716014
92.5,18290,2188,19773,2244,0.11348808981945077,0.9750445632798574,0.1196282121377802
93.0,18389,2190,19773,2244,0.11348808981945077,0.9759358288770054,0.11909293599434445
93.5,18488,2194,19773,2244,0.11348808981945077,0.9777183600713012,0.11867157074859368
94.0,18587,2197,19773,2244,0.11348808981945077,0.9790552584670231,0.11820089309732609
94.5,18685,2203,19773,2244,0.11348808981945077,0.981729055258467,0.1179020604763179
95.0,18784,2209,19773,2244,0.11348808981945077,0.9844028520499108,0.11760008517887564
95.5,18883,2213,19773,2244,0.11348808981945077,0.9861853832442068,0.1171953609066356
96.0,18982,2219,19773,2244,0.11348808981945077,0.9888591800356507,0.11690022126224844
96.5,19081,2219,19773,2244,0.11348808981945077,0.9888591800356507,0.11629369529898852
97.0,19180,2222,19773,2244,0.11348808981945077,0.9901960784313726,0.11584984358706986
97.5,19279,2228,19773,2244,0.11348808981945077,0.9928698752228164,0.11556616007054307
98.0,19378,2233,19773,2244,0.11348808981945077,0.9950980392156863,0.11523377025492827
98.5,19476,2236,19773,2244,0.11348808981945077,0.9964349376114082,0.11480796878209078
99.0,19575,2238,19773,2244,0.11348808981945077,0.9973262032085561,0.11432950191570881
99.5,19674,2242,19773,2244,0.11348808981945077,0.9991087344028521,0.11395750737013317
100.0,19773,2244,19773,2244,0.11348808981945077,1.0,0.11348808981945077
