cost_per_patient,effect_pct,best_share_called,net_per_1000
50,5,0.7811156627724675,39309
50,10,0.9850806655540383,120447
50,15,0.996358670914884,205416
50,20,0.996358670914884,290495
50,30,0.9994942598492894,460722
50,40,0.9994942598492894,630954
100,5,0.2576746067870328,15425
100,10,0.7811156627724675,78617
100,15,0.8432205532797249,158623
100,20,0.9850806655540383,240894
100,30,0.996358670914884,410833
100,40,0.996358670914884,580989
200,5,0.06271177868811005,2895
200,10,0.2576746067870328,30850
200,15,0.6131087847064178,84365
200,20,0.7811156627724675,157235
200,30,0.8432205532797249,317246
200,40,0.9850806655540383,481788
300,5,0.009912506953927072,1047
300,10,0.11080766702068477,13261
300,15,0.2576746067870328,46275
300,20,0.522783593789511,94568
300,30,0.7811156627724675,235852
300,40,0.8432205532797249,394887
500,5,0.0007586102260658474,114
500,10,0.009912506953927072,3085
500,15,0.06807262428564204,15349
500,20,0.19147322105901987,38537
500,30,0.3158347241187478,122693
500,40,0.6362716836089617,245967
