attribute,group,n,roc_auc,actual_rate,predicted_rate,flagged_share,recall_top10
Sex,Male,9047,0.674,0.112,0.112,0.099,0.236
Sex,Female,10726,0.688,0.114,0.116,0.101,0.265
Age,60-79,9277,0.67,0.114,0.118,0.102,0.246
Age,40-59,5376,0.717,0.104,0.1,0.09,0.268
Age,<40,1289,0.784,0.122,0.114,0.148,0.459
Age,80+,3831,0.601,0.122,0.126,0.092,0.176
Race,Caucasian,14813,0.68,0.117,0.115,0.1,0.258
Race,Unknown,447,0.652,0.072,0.093,0.049,0.094
Race,AfricanAmerican,3697,0.676,0.108,0.116,0.111,0.233
Race,Other,302,0.698,0.103,0.1,0.079,0.226
Race,Hispanic,398,0.786,0.09,0.106,0.09,0.361
